{
    "final_score": 0.3786780225365493,
    "score_per_op": {
        "17": 0.3494315525751654,
        "28": 0.3653360991501144,
        "27": 0.3631535810928141,
        "30": 0.3696809911644537,
        "18": 0.3507315820092775,
        "11": 0.33619737663177185,
        "24": 0.35739910957761606,
        "14": 0.34344721691627617,
        "12": 0.3385006684917324,
        "26": 0.3609879469456785,
        "10": 0.3350334249248687,
        "25": 0.35904003754646896,
        "22": 0.354393880450086,
        "19": 0.35154448557557294,
        "8": 0.3374869604890872,
        "16": 0.3478774324854098,
        "20": 0.3523866921841852,
        "21": 0.3533586560258631,
        "9": 0.33531523230485166,
        "15": 0.3459664500642953,
        "5": 0.35226900616883433,
        "13": 0.34100440949725314,
        "29": 0.36747985952396883,
        "31": 0.37190118334397293,
        "23": 0.3557363422532726,
        "6": 0.3479057269549361,
        "7": 0.34211480541201456,
        "4": 0.35328208229717745,
        "0": 0.30540922973738116,
        "3": 0.3495479917202089,
        "32": 0.3739617533974485,
        "1": 0.3308546760458259,
        "2": 0.3426281666759744,
        "33": 0.3760947459963574,
        "34": 0.3781546607242752,
        "35": 0.3802694375755194,
        "38": 0.3862554433705646,
        "36": 0.3824195407029335,
        "37": 0.38433971163726766,
        "42": 0.3938690107590925,
        "39": 0.38817070732405135,
        "41": 0.39190809463306886,
        "43": 0.3956850642876506,
        "40": 0.38997421356341533,
        "44": 0.3972470873778106,
        "45": 0.39912743311642207,
        "47": 0.4023651155583046,
        "46": 0.40070561931457405,
        "48": 0.40400749979122397,
        "50": 0.40739526367852147,
        "51": 0.4091278390168124,
        "49": 0.40541673885692175,
        "53": 0.411150264462137,
        "52": 0.41012325769102276,
        "54": 0.4126861500174934,
        "56": 0.41428122274399143,
        "55": 0.4130772812010572,
        "57": 0.4148686594195066,
        "59": 0.41697864515301725,
        "58": 0.41592117114210847,
        "62": 0.4137492308049383,
        "60": 0.4178909208087393,
        "61": 0.4171192263394107,
        "63": 0.4214141658304098,
        "65": 0.42377631420401346,
        "66": 0.4027511866946144,
        "64": 0.4169014690680407,
        "67": 0.3951003541912634,
        "68": 0.41078684573002755,
        "69": 0.3962907268170426,
        "70": 0.3693722943722943,
        "73": 0.3260281385281385,
        "72": 0.4665178571428571,
        "71": 0.37104978354978346,
        "75": 0.38095238095238093,
        "74": 0.2537878787878788,
        "77": 0.29166666666666663,
        "76": 0.3333333333333333
    }
}