{
    "final_score": 0.5216022421969645,
    "score_per_survey": {
        "American_Trends_Panel_W26": 0.5472734365707433,
        "American_Trends_Panel_W27": 0.4683111601546961,
        "American_Trends_Panel_W29": 0.498089002618828,
        "American_Trends_Panel_W32": 0.4801662903231486,
        "American_Trends_Panel_W34": 0.5265513350575683,
        "American_Trends_Panel_W36": 0.5198057486717114,
        "American_Trends_Panel_W41": 0.4286851209148529,
        "American_Trends_Panel_W42": 0.46491287272876525,
        "American_Trends_Panel_W43": 0.4632382238583296,
        "American_Trends_Panel_W45": 0.4818114794030711,
        "American_Trends_Panel_W49": 0.4965227994341298,
        "American_Trends_Panel_W50": 0.563071245319411,
        "American_Trends_Panel_W54": 0.4919662486501995,
        "American_Trends_Panel_W82": 0.4855577222996574,
        "American_Trends_Panel_W92": 0.5395832062012261
    }
}