{
    "accuracy": 0.6363636363636364,
    "user-accuracy": [
        {
            "53": 0.6363636363636364
        }
    ]
}