{
    "accuracy": 0.42424242424242425,
    "user-accuracy": [
        {
            "53": 0.42424242424242425
        }
    ]
}